{
    "filename_of_receptor": "./tutorial/PARP/4r6eA_PARP1_prepared.pdb",
    "center_x": -70.76,
    "center_y": 21.82,
    "center_z": 28.33,
    "size_x": 25.0,
    "size_y": 16.0,
    "size_z": 25.0,
    "source_compound_file": "./source_compounds/naphthalene_smiles.smi",
    "root_output_folder": "./Outputfolder/",
    "number_of_mutants_first_generation": 10,
    "number_of_crossovers_first_generation": 10,
    "number_of_mutants": 3,
    "number_of_crossovers": 3,
    "number_elitism_advance_from_previous_gen": 3,
    "top_mols_to_seed_next_generation": 5,
    "diversity_mols_to_seed_first_generation": 3,
    "diversity_seed_depreciation_per_gen": 0,
    "num_generations": 1,
    "mgltools_directory": "/home/jacob/MGLTools-1.5.6/",
    "number_of_processors": -1,
    "selector_choice": "Rank_Selector",
    "max_variants_per_compound": 1,
    "filter_source_compounds": false,
    "use_docked_source_compounds": false,
    "LipinskiLenientFilter": true,
    "docking_exhaustiveness": 1,
    "start_a_new_run": true,
    "generate_plot": true,
    "rescore_lig_efficiency": true,
    "scoring_choice": "VINA",
    "dock_choice": "QuickVina2Docking",
    "gypsum_timeout_limit": 1,
    "debug_mode": false,
    "rxn_library": "all_rxns"
}